<?xml version="1.0" encoding="UTF-8"?><session xmlns="http://formal.iti.kit.edu/stvs/io/1.0/">
<code>
<plaintext>
TYPE
  OperationMode : (Learn , Active);
END_TYPE

FUNCTION SEL : INT
VAR_INPUT
        G : BOOL;
        a,b : INT;
END_VAR

IF G THEN SEL := a;
     ELSE SEL := b; END_IF

END_FUNCTION


FUNCTION MAX : INT
VAR_INPUT
        in0 : INT;
        in1 : INT;
END_VAR

MAX := SEL(in0&gt;=in1, in0, in1);

END_FUNCTION

FUNCTION MIN : INT
VAR_INPUT
        in0 : INT;
        in1 : INT;
END_VAR

MIN := SEL(in0&lt;=in1, in0, in1);

END_FUNCTION


PROGRAM MinMax

VAR CONSTANT
    WAIT_BEFORE_WARNING : INT := 3; // Amount of cycles outside  before given a warning.
    WAIT_AFTER_WARNING  : INT := 3; // Amount of cycles inside, before withdraw warning.
END_VAR

VAR_INPUT
  mode     : OperationMode; // learning or active mode
  learn    : BOOL;          // True iff current signal should be learnt
  I        : INT;           // input signal
END_VAR

VAR_OUTPUT
        W       : BOOL;     // Warning flag, iff $I \not\in [lower,upper]$
        Q       : INT;      // Truncated input signal
END_VAR

VAR
        lower : INT ;//:=  32766;  // minimal teached value
        upper : INT ;//:= -32767;  // maximal teach value
        cntQuench : INT := 3;   // remaining cycles for withdraw warning
        cntHeat   : INT := 3;   // remaining cycles to signal warning
END_VAR


IF mode = OperationMode#Learn THEN // go into learning
        IF learn THEN
                lower := MIN(lower, I);
                upper := MAX(upper, I);
        END_IF
        Q := 0;
        W := FALSE;
ELSE
        IF upper &lt; lower THEN
                Q := 0;
                W := TRUE;
        ELSE 
                Q := MIN( upper, MAX( lower, I) );
                IF I &lt;&gt; Q THEN
                        cntHeat := cntHeat - 1;
                        cntQuench := WAIT_AFTER_WARNING;
                        IF cntHeat = 0 THEN
                                W := TRUE;
                        END_IF
                ELSE
                        cntQuench := cntQuench - 1;
                        cntHeat := WAIT_BEFORE_WARNING;
                        IF cntQuench = 0 THEN
                                W := FALSE;
                        END_IF
                END_IF
         END_IF
END_IF


END_PROGRAM
</plaintext>
</code>
<tabs>
<tab id="0" open="false" readOnly="false">
<specification comment="" isConcrete="false" name="No Warning (Error)">
<variables>
<ioVariable colwidth="100" data-type="OperationMode" io="input" name="mode"/>
<ioVariable colwidth="100" data-type="BOOL" io="input" name="learn"/>
<ioVariable colwidth="100" data-type="INT" io="input" name="I"/>
<ioVariable colwidth="100" data-type="INT" io="output" name="Q"/>
<ioVariable colwidth="100" data-type="BOOL" io="output" name="W"/>
<freeVariable data-type="INT" default="-" name="p"/>
<freeVariable data-type="INT" default="-" name="q"/>
</variables>
<rows>
<row>
<duration>[1,10]</duration>
<cell>Active</cell>
<cell>-</cell>
<cell>-</cell>
<cell>0</cell>
<cell>-</cell>
</row>
<row>
<duration>1</duration>
<cell>Learn</cell>
<cell>false</cell>
<cell>-</cell>
<cell>0</cell>
<cell>FALSE</cell>
</row>
<row>
<duration>[5,10]</duration>
<cell>Learn</cell>
<cell>true</cell>
<cell>[p,q]</cell>
<cell>0</cell>
<cell>FALSE</cell>
</row>
<row>
<duration>10</duration>
<cell>Active</cell>
<cell>-</cell>
<cell>[p,q]</cell>
<cell>[p,q]</cell>
<cell>FALSE</cell>
</row>
</rows>
</specification>
</tab>
<tab id="1" open="false" readOnly="false">
<specification comment="" isConcrete="false" name="Warning">
<variables>
<ioVariable colwidth="100" data-type="OperationMode" io="input" name="mode"/>
<ioVariable colwidth="100" data-type="BOOL" io="input" name="learn"/>
<ioVariable colwidth="100" data-type="INT" io="input" name="I"/>
<ioVariable colwidth="100" data-type="BOOL" io="output" name="W"/>
<ioVariable colwidth="100" data-type="INT" io="output" name="Q"/>
<freeVariable data-type="INT" default="&gt;-10" name="p"/>
<freeVariable data-type="INT" default="&lt;10" name="q"/>
</variables>
<rows>
<row comment="">
<duration>[5,10]</duration>
<cell>Learn</cell>
<cell>true</cell>
<cell>[p,q], p&lt;q</cell>
<cell>-</cell>
<cell>-</cell>
</row>
<row comment="">
<duration>2</duration>
<cell>Active</cell>
<cell>-</cell>
<cell>&gt;q</cell>
<cell>false</cell>
<cell>[p,q]</cell>
</row>
<row comment="">
<duration>1</duration>
<cell>Active</cell>
<cell>-</cell>
<cell>&gt;q</cell>
<cell>true</cell>
<cell>[p,q]</cell>
</row>
</rows>
</specification>
</tab>
<tab id="2" open="false" readOnly="false">
<specification comment="" isConcrete="false" name="No Warning (Correct)">
<variables>
<ioVariable colwidth="100" data-type="OperationMode" io="input" name="mode"/>
<ioVariable colwidth="100" data-type="BOOL" io="input" name="learn"/>
<ioVariable colwidth="100" data-type="INT" io="input" name="I"/>
<ioVariable colwidth="100" data-type="INT" io="output" name="Q"/>
<ioVariable colwidth="100" data-type="BOOL" io="output" name="W"/>
<freeVariable data-type="INT" default="0" name="p"/>
<freeVariable data-type="INT" default="5" name="q"/>
</variables>
<rows>
<row>
<duration>[1,10]</duration>
<cell>Active</cell>
<cell>-</cell>
<cell>-</cell>
<cell>0</cell>
<cell>-</cell>
</row>
<row>
<duration>1</duration>
<cell>Learn</cell>
<cell>false</cell>
<cell>-</cell>
<cell>0</cell>
<cell>false</cell>
</row>
<row comment="">
<duration>1</duration>
<cell>Learn</cell>
<cell>true</cell>
<cell>p</cell>
<cell>-</cell>
<cell>false</cell>
</row>
<row>
<duration>[5,10]</duration>
<cell>Learn</cell>
<cell>true</cell>
<cell>[p,q]</cell>
<cell>-</cell>
<cell>false</cell>
</row>
<row comment="">
<duration>1</duration>
<cell>Learn</cell>
<cell>true</cell>
<cell>q</cell>
<cell>-</cell>
<cell>-</cell>
</row>
<row>
<duration>10</duration>
<cell>Active</cell>
<cell>-</cell>
<cell>[p,q]</cell>
<cell>[p,q]</cell>
<cell>false</cell>
</row>
</rows>
</specification>
</tab>
<tab id="3" open="false" readOnly="true">
<specification comment="" isConcrete="false" name="No Warning (Error)">
<variables>
<ioVariable colwidth="100" data-type="OperationMode" io="input" name="mode"/>
<ioVariable colwidth="100" data-type="BOOL" io="input" name="learn"/>
<ioVariable colwidth="100" data-type="INT" io="input" name="I"/>
<ioVariable colwidth="100" data-type="INT" io="output" name="Q"/>
<ioVariable colwidth="100" data-type="BOOL" io="output" name="W"/>
<freeVariable data-type="INT" default="0" name="p"/>
<freeVariable data-type="INT" default="5" name="q"/>
</variables>
<rows>
<row>
<duration>[1,10]</duration>
<cell>Active</cell>
<cell>-</cell>
<cell>-</cell>
<cell>0</cell>
<cell>TRUE</cell>
</row>
<row>
<duration>1</duration>
<cell>Learn</cell>
<cell>false</cell>
<cell>-</cell>
<cell>0</cell>
<cell>FALSE</cell>
</row>
<row>
<duration>[5,10]</duration>
<cell>Learn</cell>
<cell>true</cell>
<cell>[p,q]</cell>
<cell>0</cell>
<cell>FALSE</cell>
</row>
<row>
<duration>10</duration>
<cell>Active</cell>
<cell>-</cell>
<cell>[p,q]</cell>
<cell>[p,q]</cell>
<cell>FALSE</cell>
</row>
</rows>
</specification>
<specification isConcrete="true" isCounterExample="true" name="Unnamed Specification">
<variables>
<ioVariable data-type="OperationMode" io="input" name="mode"/>
<ioVariable data-type="BOOL" io="input" name="learn"/>
<ioVariable data-type="INT" io="input" name="I"/>
<ioVariable data-type="INT" io="output" name="Q"/>
<ioVariable data-type="BOOL" io="output" name="W"/>
</variables>
<rows>
<row>
<duration>1</duration>
<cycle>
<cell>Active</cell>
<cell>FALSE</cell>
<cell>0</cell>
<cell>0</cell>
<cell>TRUE</cell>
</cycle>
</row>
<row>
<duration>1</duration>
<cycle>
<cell>Learn</cell>
<cell>FALSE</cell>
<cell>0</cell>
<cell>0</cell>
<cell>FALSE</cell>
</cycle>
</row>
<row>
<duration>5</duration>
<cycle>
<cell>Learn</cell>
<cell>TRUE</cell>
<cell>1</cell>
<cell>0</cell>
<cell>FALSE</cell>
</cycle>
<cycle>
<cell>Learn</cell>
<cell>TRUE</cell>
<cell>1</cell>
<cell>0</cell>
<cell>FALSE</cell>
</cycle>
<cycle>
<cell>Learn</cell>
<cell>TRUE</cell>
<cell>1</cell>
<cell>0</cell>
<cell>FALSE</cell>
</cycle>
<cycle>
<cell>Learn</cell>
<cell>TRUE</cell>
<cell>1</cell>
<cell>0</cell>
<cell>FALSE</cell>
</cycle>
<cycle>
<cell>Learn</cell>
<cell>TRUE</cell>
<cell>1</cell>
<cell>0</cell>
<cell>FALSE</cell>
</cycle>
</row>
<row>
<duration>3</duration>
<cycle>
<cell>Active</cell>
<cell>FALSE</cell>
<cell>0</cell>
<cell>1</cell>
<cell>FALSE</cell>
</cycle>
<cycle>
<cell>Active</cell>
<cell>FALSE</cell>
<cell>0</cell>
<cell>1</cell>
<cell>FALSE</cell>
</cycle>
<cycle>
<cell>Active</cell>
<cell>FALSE</cell>
<cell>5</cell>
<cell>1</cell>
<cell>TRUE</cell>
</cycle>
</row>
</rows>
</specification>
</tab>
<tab id="4" open="false" readOnly="true">
<specification comment="" isConcrete="false" name="Warning">
<variables>
<ioVariable colwidth="100" data-type="OperationMode" io="input" name="mode"/>
<ioVariable colwidth="100" data-type="BOOL" io="input" name="learn"/>
<ioVariable colwidth="100" data-type="INT" io="input" name="I"/>
<ioVariable colwidth="100" data-type="BOOL" io="output" name="W"/>
<ioVariable colwidth="100" data-type="INT" io="output" name="Q"/>
<freeVariable data-type="INT" default="0" name="p"/>
<freeVariable data-type="INT" default="5" name="q"/>
</variables>
<rows>
<row comment="">
<duration>[5,10]</duration>
<cell>Learn</cell>
<cell>true</cell>
<cell>[p,q], p&lt;q</cell>
<cell>-</cell>
<cell>-</cell>
</row>
<row comment="">
<duration>3</duration>
<cell>Active</cell>
<cell>-</cell>
<cell>&gt;q</cell>
<cell>false</cell>
<cell>[p,q]</cell>
</row>
<row comment="">
<duration>1</duration>
<cell>Active</cell>
<cell>-</cell>
<cell>&gt;q</cell>
<cell>true</cell>
<cell>[p,q]</cell>
</row>
</rows>
</specification>
<specification isConcrete="true" isCounterExample="true" name="Unnamed Specification">
<variables>
<ioVariable data-type="OperationMode" io="input" name="mode"/>
<ioVariable data-type="BOOL" io="input" name="learn"/>
<ioVariable data-type="INT" io="input" name="I"/>
<ioVariable data-type="BOOL" io="output" name="W"/>
<ioVariable data-type="INT" io="output" name="Q"/>
</variables>
<rows>
<row>
<duration>5</duration>
<cycle>
<cell>Learn</cell>
<cell>TRUE</cell>
<cell>4</cell>
<cell>FALSE</cell>
<cell>0</cell>
</cycle>
<cycle>
<cell>Learn</cell>
<cell>TRUE</cell>
<cell>1</cell>
<cell>FALSE</cell>
<cell>0</cell>
</cycle>
<cycle>
<cell>Learn</cell>
<cell>TRUE</cell>
<cell>1</cell>
<cell>FALSE</cell>
<cell>0</cell>
</cycle>
<cycle>
<cell>Learn</cell>
<cell>TRUE</cell>
<cell>1</cell>
<cell>FALSE</cell>
<cell>0</cell>
</cycle>
<cycle>
<cell>Learn</cell>
<cell>TRUE</cell>
<cell>1</cell>
<cell>FALSE</cell>
<cell>0</cell>
</cycle>
</row>
<row>
<duration>3</duration>
<cycle>
<cell>Active</cell>
<cell>FALSE</cell>
<cell>16384</cell>
<cell>FALSE</cell>
<cell>4</cell>
</cycle>
<cycle>
<cell>Active</cell>
<cell>FALSE</cell>
<cell>6</cell>
<cell>FALSE</cell>
<cell>4</cell>
</cycle>
<cycle>
<cell>Active</cell>
<cell>FALSE</cell>
<cell>8192</cell>
<cell>TRUE</cell>
<cell>4</cell>
</cycle>
</row>
</rows>
</specification>
</tab>
</tabs>
</session>
